0,1,2,3,4,5,6,7,8,9,10,11,12,13,14,15,16,17,18,19,20,21,22,23,24,25,26,27,28,29,30,31,32,33,34,35,36,37,38,39,40,41,42,43,44,45,46,47,48,49,50,51,label
0.0047896760326419,0.2611011009303426,0.7148520045120446,0.0192572185249708,0.0,0.3652514562886521,0.3621946250291869,0.0,0.0,0.0,0.0,0.0,0.0002362639588713,0.0004277486475594,0.0006166745208085,0.0008691443107937,0.002639844594609,0.0174161508165819,0.0252968758995835,0.0387519804165325,0.065226337887314,0.1035492902485676,0.1291195329308885,0.2159414201852156,0.1868847914672034,0.1006104907168308,0.0516245279518601,0.0268824885333083,0.0137178095686903,0.0069770367637808,0.0035742386990982,0.0022048459699723,0.0017092887132783,0.0017788031993722,0.002266684009749,0.0016777299895301,0.0,0.0,0.0,0.0,0.0,0.0,0.0,0.0,0.0,0.0,0.0,0.0,163.68430998343166,652.3614456055313,0.3026981312351727,2.201732773446534,0
0.0007801519544361,0.2052349601064609,0.7871544696546947,0.0068304182844082,0.0,0.2607298913853603,0.2594694882998953,0.0,0.0,0.0,0.0,0.0,0.0,0.0,0.0,3.664804932952322e-05,0.0007435039051066,0.0042703623142392,0.0087718523000037,0.0189568399333284,0.0495493394657415,0.1094288658480622,0.1754749428689092,0.2841111445517223,0.1895755800454397,0.0819315654596121,0.0388905208931826,0.0205663761496224,0.0102065057540319,0.0047847798873968,0.0023108444315762,0.0003903281426951,0.0,0.0,0.0,0.0,0.0,0.0,0.0,0.0,0.0,0.0,0.0,0.0,0.0,0.0,0.0,0.0,164.08061814356063,347.55741954800226,0.1495729431951832,1.3232007383640738,0
0.0009653232584653,0.1898141048240493,0.7987577517232082,0.0104628201942772,0.0,0.2376363381490999,0.2357567256029205,0.0,0.0,0.0,0.0,0.0,0.0,0.0,0.0,9.89363876013289e-05,0.0008663868708639,0.0047631684353912,0.009217199186159,0.0181473199356644,0.0468024591702473,0.0987988365221715,0.1457945893023743,0.2622914592007604,0.209589978461632,0.103211566724844,0.0502681387450084,0.0257445073243087,0.0130554643024788,0.0064808837683254,0.0032767890083126,0.001592316653856,0.0,0.0,0.0,0.0,0.0,0.0,0.0,0.0,0.0,0.0,0.0,0.0,0.0,0.0,0.0,0.0,166.1981991287874,393.73155595074206,0.1172129491585856,1.227595609880412,0
0.0009646039227211,0.2213467422334733,0.7719585901453109,0.0057300636984946,0.0,0.2867335869119882,0.2858612623395455,0.0,0.0,0.0,0.0,0.0,0.0,0.0,0.0,0.0001925167762187,0.0007720871465023,0.0047927416862917,0.0102196856551941,0.0221176400520961,0.0576631323201258,0.1128577510744919,0.1613052038224271,0.283329586042629,0.1990825470264556,0.0828319431134488,0.0345314767652769,0.0162396820699607,0.0078121364918068,0.0038134527418524,0.0021532054951124,0.000285211720109,0.0,0.0,0.0,0.0,0.0,0.0,0.0,0.0,0.0,0.0,0.0,0.0,0.0,0.0,0.0,0.0,163.27597441020345,346.4241714771751,-0.0065560071205131,1.2447263567801916,0
0.0006732433536496,0.1755821866589889,0.8163414864207922,0.0074030835665692,0.0,0.215083974654828,0.2139682887949769,0.0,0.0,0.0,0.0,0.0,0.0,0.0,0.0,5.525986302340753e-05,0.0006179834906262,0.0034669701480591,0.007586354295508,0.0163113983495923,0.0434733728984388,0.0930359247321489,0.1440963968169105,0.2760392102800009,0.2229458208080172,0.1049489911185012,0.0464427283938004,0.0222635725520756,0.010614694107966,0.0050242057787912,0.0026292438671277,0.0004478724994118,0.0,0.0,0.0,0.0,0.0,0.0,0.0,0.0,0.0,0.0,0.0,0.0,0.0,0.0,0.0,0.0,166.28205787288482,345.52521553314847,0.0348817067850314,1.2628780509945687,0
0.0023581444867706,0.2519122754736813,0.7318412208569088,0.0138883591826391,0.0,0.3442166471056001,0.3409682085813986,0.0,0.0,0.0,0.0,0.0,0.0,0.0,0.0003807420785931,0.0005843647522041,0.0013930376559733,0.0106394463014688,0.0159594926627963,0.0309642212337724,0.0697818134570669,0.1115794073481281,0.1488048641901409,0.2372992781414615,0.1901506096721416,0.0925649281599814,0.0429475771810735,0.0214236909486166,0.0109057718301282,0.0056736387501058,0.003411811020059,0.0026871728704785,0.0026005524315456,0.0002475793142634,0.0,0.0,0.0,0.0,0.0,0.0,0.0,0.0,0.0,0.0,0.0,0.0,0.0,0.0,163.3258958266402,492.3261235707891,0.1913406167037379,1.5702038804159897,0
0.0009380057797537,0.2199828970437892,0.7747741979938263,0.0043048991826307,0.0,0.2839312585294478,0.2835663542480481,0.0,0.0,0.0,0.0,0.0,0.0,0.0,0.0,0.0,0.0009380057797537,0.0054387746351797,0.0109253286832646,0.0225405644407551,0.0572199509721015,0.1097045992436942,0.1702563650623627,0.3078235764618567,0.1900037346566416,0.071837600108346,0.0283066237343153,0.0135675388569531,0.0066714921281689,0.0035258269110847,0.0012400183255216,0.0,0.0,0.0,0.0,0.0,0.0,0.0,0.0,0.0,0.0,0.0,0.0,0.0,0.0,0.0,0.0,0.0,162.45642666583723,321.0991016974072,-0.0969883898330214,1.3500395634943474,0
0.0028839179214422,0.3462174766260747,0.6353317089905619,0.015566896461921,0.0,0.5449388512928238,0.5363367739404815,0.0,0.0,0.0,0.0,0.0,0.0001114335868343,0.0002512472631994,0.0004127633609705,0.0006181016558112,0.0014903720546266,0.0115039527621756,0.0203714786777883,0.0446068230743483,0.1046232000554246,0.148949561068527,0.1578095746074992,0.1944486875460654,0.1545629758360232,0.0771379180533261,0.0375180610055065,0.0192667419573747,0.0100377872545017,0.0051735233797681,0.0030391737053462,0.002274163350787,0.002453208327386,0.0031981856775704,0.0001410657391385,0.0,0.0,0.0,0.0,0.0,0.0,0.0,0.0,0.0,0.0,0.0,0.0,0.0,159.815939677285,563.5916511071399,0.5360336363265826,1.956184441834356,0
0.0004430393028248,0.177321713416152,0.8169483132582004,0.0052869340228227,0.0,0.2170535069170303,0.2161966871526409,0.0,0.0,0.0,0.0,0.0,0.0,0.0,0.0,0.0,0.0004430393028248,0.0032424987148155,0.0066343264634021,0.014763111840037,0.0429408739572452,0.097123170943106,0.1560694519738832,0.2952213863840762,0.2144498938187526,0.0939330343570154,0.0409336341594814,0.0192426596301513,0.0091211297648915,0.0042723369730234,0.0016060703072717,3.3814100221213837e-06,0.0,0.0,0.0,0.0,0.0,0.0,0.0,0.0,0.0,0.0,0.0,0.0,0.0,0.0,0.0,0.0,165.41528575848557,313.7966641475419,0.036257499371759,1.2708869813002042,0
0.0005060853553354,0.1063875972833456,0.8773173180181048,0.0157889993432141,0.0,0.1212645343182611,0.1196873886942253,0.0,0.0,0.0,0.0,0.0,0.0,0.0,0.0,0.0,0.0005060853553354,0.0018789256988734,0.0037371954324802,0.0083365145982269,0.0240076300351259,0.0597710614415806,0.1121396443264399,0.2614706524477859,0.2513397964816328,0.1380607213779068,0.0686659121793594,0.0352291891576128,0.0178789738866548,0.0087529581785746,0.0043870485790798,0.0027052495473587,0.0011324412759715,0.0,0.0,0.0,0.0,0.0,0.0,0.0,0.0,0.0,0.0,0.0,0.0,0.0,0.0,0.0,171.58910256053278,354.70287042936127,0.3476663740732925,1.7855926784126854,0
0.0035736553171429,0.2947087090740431,0.6984557246916772,0.0032619109171368,0.0,0.4219426897266078,0.425074024337967,0.0,0.0,0.0,0.0,0.0,0.0,0.0,6.843169756231086e-05,0.0010321781048981,0.0024730455146824,0.0163285633905625,0.0214381301418817,0.036109125747046,0.072362718411168,0.1336223938928511,0.1738488267765629,0.2883331559178211,0.165547681686157,0.052768442342493,0.0195885734272114,0.0087516537660244,0.0041705317903252,0.0020757614927234,0.0013933453975881,8.744050244073054e-05,0.0,0.0,0.0,0.0,0.0,0.0,0.0,0.0,0.0,0.0,0.0,0.0,0.0,0.0,0.0,0.0,158.21086847427728,377.4071190605305,-0.3721518394374172,1.2418673692708588,0
0.0011219652519514,0.2105671024080863,0.7810689354576482,0.0072419968823139,0.0,0.2695880264354431,0.2685346485009771,0.0,0.0,0.0,0.0,0.0,0.0,0.0,0.0,0.0002385408163828,0.0008834244355685,0.0052108754775455,0.0104582120186831,0.0211562748320818,0.0538628157628694,0.1068723054018609,0.1538798486001899,0.2636104019640443,0.2061189774097043,0.0970604429304976,0.0430309792097393,0.0202009263480589,0.009550178704437,0.0045577577088404,0.0023786399424432,0.0009293984370523,0.0,0.0,0.0,0.0,0.0,0.0,0.0,0.0,0.0,0.0,0.0,0.0,0.0,0.0,0.0,0.0,164.53632431121105,375.0600371458121,0.0054717260466519,1.1704462900263573,0
0.0031866583216595,0.2209231116543415,0.759110363841747,0.0167798661822519,0.0,0.2910285923481415,0.2888417361916427,0.0,0.0,0.0,0.0,0.0,0.0,0.0,0.000434659184239,0.0007501240379164,0.0020018750995041,0.0117391674254951,0.0160128948891324,0.025209390323105,0.0543715678982291,0.1019250516157781,0.1401822199122763,0.2477991166984097,0.1917411385543538,0.0970599854945132,0.0510244394707603,0.0274753461479172,0.0144726345821922,0.007488604937762,0.0041077819998871,0.0025140316576772,0.0019930302905224,0.0016969397803286,0.0,0.0,0.0,0.0,0.0,0.0,0.0,0.0,0.0,0.0,0.0,0.0,0.0,0.0,165.14491166562917,520.6406057987929,0.1809911667071107,1.7402664656660205,0
0.007172238097102,0.2164719275583564,0.756549203428974,0.0198066309155673,0.0,0.2861302879534275,0.2880687794089888,0.0,0.0,0.0,0.0,0.0,0.0,0.000343321459793,0.0007853172583865,0.0016937735676726,0.0043498258112498,0.012287809397059,0.0164345780978849,0.0253421797732284,0.0526553998512545,0.0982829034067927,0.1396250048929424,0.239325230620686,0.1969499027935439,0.1014943046150232,0.050434003992641,0.0259643989509531,0.0132737372946595,0.0069145431296564,0.0037740895865137,0.0025671637896165,0.0021871452616745,0.0021267989718296,0.0028884670085202,0.0003001004684176,0.0,0.0,0.0,0.0,0.0,0.0,0.0,0.0,0.0,0.0,0.0,0.0,165.2922383254394,582.0462324065559,0.3144059542258407,2.768548715855886,0
0.0022256071721396,0.2087224321817271,0.7744757086660077,0.0145762519801254,0.0,0.2695012385088245,0.2673433215194167,0.0,0.0,0.0,0.0,0.0,0.0,0.0,0.0,0.0005862529306793,0.0016393542414603,0.0103633784838618,0.0142522208075774,0.0224630396090648,0.0492190240012511,0.0998329741051331,0.1548166625070179,0.2741921813900281,0.1941883229841585,0.0874312897049396,0.0418510608509002,0.0219451516367554,0.0118388441264901,0.0065054408673546,0.0041571513726606,0.0030530104696719,0.0016646399109944,0.0,0.0,0.0,0.0,0.0,0.0,0.0,0.0,0.0,0.0,0.0,0.0,0.0,0.0,0.0,164.59631241287565,449.2176385710951,0.1690134262274685,1.8813899188763967,0
0.0743128938142055,0.4048650493841363,0.3756362792820488,0.1108497994270421,0.0343359780925672,1.077808491633073,0.9200398041917416,0.000331930799972,0.0007883356499337,0.001374872461248,0.0016068468271376,0.0020953131748238,0.0028930786770294,0.0051392694882041,0.0090488862401481,0.0169661902076642,0.0340681702880442,0.0552325307271736,0.064843436162729,0.0782696598275091,0.0924521576444983,0.1033474089594912,0.1053767131684115,0.0945022075284168,0.0692226595578153,0.0456838623166129,0.0313938641837236,0.0221544949276824,0.0166531191122359,0.0136374523556713,0.0119740264149021,0.0108160405559086,0.0103935831741259,0.0108273563786349,0.0107688912945489,0.0105859521604734,0.0110084095422561,0.0109027951968104,0.0102955127104978,0.0094392821242062,0.0083473052311162,0.0072270387812104,0.0062142726472047,0.0041170735019265,0.0,0.0,0.0,0.0,164.69662467867778,3679.246397040512,1.22268644650014,1.4820831524550164,0
0.0027171942811173,0.224097174509242,0.7615705175789005,0.01161511363074,0.0,0.294256244274557,0.2933500912134387,0.0,0.0,0.0,0.0,0.0,0.0,0.0,4.3732902449157626e-05,0.0006352779513667,0.0020381834273015,0.0123016051126064,0.0167888310770608,0.0260999112682426,0.0529461590427558,0.103654459432554,0.1503732833397206,0.2694873237880519,0.1960033881490739,0.0865664032334727,0.0397480294299416,0.0205682745413511,0.0103986484231411,0.0053607331475835,0.0031470426775584,0.002522122518877,0.0013165905368904,0.0,0.0,0.0,0.0,0.0,0.0,0.0,0.0,0.0,0.0,0.0,0.0,0.0,0.0,0.0,163.59564615938802,451.8193379862671,0.019132008085663,1.6784466341419382,0
0.0033015873015873,0.1810150484436198,0.7931703428846286,0.0225130213701642,0.0,0.2282168286429752,0.2259656355109839,0.0,0.0,0.0,0.0,0.0,0.0,0.0,0.0003974438260152,0.0008998831855974,0.0020042602899745,0.0079642685356971,0.0103709200852058,0.0174226619940905,0.043043771043771,0.0911339242767814,0.1356047550333264,0.2456406239263382,0.2093380059094345,0.110933003504432,0.056336975194118,0.02950209578781,0.0157988043702329,0.0083336769051054,0.0046709269566412,0.0033466639180924,0.0029536178107606,0.0030294784580498,0.0012742389885247,0.0,0.0,0.0,0.0,0.0,0.0,0.0,0.0,0.0,0.0,0.0,0.0,0.0,167.8348453239882,521.1473331544578,0.4455066846961458,2.615840351667257,0
0.0026597919477591,0.2263057293218151,0.761667163141694,0.0093673155887317,0.0,0.2971185356997982,0.2969584767312979,0.0,0.0,0.0,0.0,0.0,0.0,0.0,9.345412278703556e-05,0.0005300601026827,0.0020362777222893,0.0146971210289298,0.0191953307983902,0.0282282558540246,0.0540873036733311,0.0986174630710192,0.1397234050009637,0.2577472007569784,0.2042344939167207,0.0958006974013913,0.0430619075154637,0.0214776557033298,0.0103989614910605,0.0052553341861022,0.0026371585273966,0.0016186546110848,0.0005592645160536,0.0,0.0,0.0,0.0,0.0,0.0,0.0,0.0,0.0,0.0,0.0,0.0,0.0,0.0,0.0,163.61771860963628,463.3625565526625,-0.1796076151071485,1.2432536676668868,0
0.0030707132170489,0.1932594041836725,0.7854550696634959,0.0182148129357826,0.0,0.2460473750829483,0.2442916891125125,0.0,0.0,0.0,0.0,0.0,0.0,0.0,0.0001732278886546,0.0007737512359909,0.0021237340924033,0.0099958465129226,0.0134321303087876,0.0219310489287149,0.0463975966322905,0.0905201336602495,0.1362144648871052,0.2557580352851271,0.2106068830010875,0.1036786833724722,0.0497422886709359,0.0258336542363377,0.0136654901771822,0.0072771642236224,0.0042410965843044,0.003108544595031,0.0026553645093091,0.0018708611974706,0.0,0.0,0.0,0.0,0.0,0.0,0.0,0.0,0.0,0.0,0.0,0.0,0.0,0.0,166.35075382007318,494.6948196460957,0.2310873732626637,2.1609840643455263,0
0.0069182566349122,0.271188239315131,0.6971456362243156,0.0247478678256412,0.0,0.3889974149253053,0.3852453431766224,0.0,0.0,0.0,0.0,3.6407378173631154e-06,3.6692305481076965e-05,0.0002434862135073,0.0008409154600417,0.0018133723603542,0.0039801495577105,0.0075708034861425,0.0143011980496789,0.0318956492359959,0.0777671095365676,0.1225446389280857,0.165100685079218,0.1990337545149897,0.1651495026245604,0.0929428761271566,0.0498524329816148,0.0268836196050755,0.0142894527128942,0.0077148500693513,0.0047122544448976,0.0037444513572733,0.003974957548997,0.0047365049246202,0.0008670021379678,0.0,0.0,0.0,0.0,0.0,0.0,0.0,0.0,0.0,0.0,0.0,0.0,0.0,163.90362299001197,625.277763165738,0.5683078141461653,2.2253794826782585,0
0.0020731546390853,0.1182592960560467,0.8548788753560725,0.0247886739487953,0.0,0.1383344016687604,0.1367929441040279,0.0,0.0,0.0,0.0,0.0,0.0,1.235075489558841e-05,7.235961035958418e-05,0.0005951809699132,0.0013932633039169,0.0027644697409231,0.0055821049830524,0.0114028821699812,0.0276810680649284,0.0619676361145888,0.113977973669172,0.2270727456736914,0.2233579494147977,0.1441801498012973,0.0842525148645288,0.0456876507719085,0.0236285481837574,0.0115958593071799,0.0057066485776728,0.0032555553859106,0.0024016083791011,0.0023755981800494,0.0009368579243315,9.902415404145055e-05,0.0,0.0,0.0,0.0,0.0,0.0,0.0,0.0,0.0,0.0,0.0,0.0,172.8071079276033,473.3665885561352,0.4162080299677842,2.161279311065772,0
0.0081513520568807,0.2195191203923091,0.7575331944660224,0.0147963330847877,0.0,0.2897811372687218,0.294783728374911,0.0,0.0,0.0,0.0,0.0,0.0,5.844310490683439e-06,0.0003759839749006,0.0021886942787609,0.0055808294927284,0.01440914751478,0.018055023209218,0.026629600750799,0.0524624271713683,0.0962752748165251,0.1411240264961556,0.2524420694898258,0.1971870359556592,0.0967725282341075,0.0457346517448432,0.0233636052382554,0.0117850521044631,0.0061784102404008,0.0035864585377827,0.0027667939914643,0.0030765424474706,0.0,0.0,0.0,0.0,0.0,0.0,0.0,0.0,0.0,0.0,0.0,0.0,0.0,0.0,0.0,164.0674204528464,528.8966028408466,-0.0605266458770308,1.7824815010126724,0
0.0060615045049496,0.2108279846778636,0.7152458185318787,0.0678646922853079,0.0,0.2947625619791092,0.2769586274584144,0.0,0.0,0.0,0.0,0.0001961936240732,0.0002997809293208,0.0004784049751189,0.00068850784866,0.001243779728733,0.0031548373990435,0.0118012661077344,0.0163700885250522,0.0270531241821452,0.0533994388715938,0.0916571955658776,0.1276378617091173,0.2178151863381887,0.1803110913453355,0.0983318051460562,0.0533562469916672,0.0301160873281246,0.0170124762307398,0.0094959910248737,0.0057939344691333,0.0044187489362169,0.0041661862485107,0.0044238733965472,0.0051599655197026,0.0066929112242152,0.0093781284372775,0.0130699360723573,0.0064769518245824,0.0,0.0,0.0,0.0,0.0,0.0,0.0,0.0,0.0,171.62538547837752,1290.9729599215652,1.6394552719315258,4.49497656469385,0
0.0054125168153825,0.1928650943512656,0.7793209670850457,0.0224014217483061,0.0,0.247478067470179,0.2473142407073552,0.0,0.0,0.0,0.0,0.0,0.0,0.0,0.0005262443383069,0.0014972786848828,0.0033889937921927,0.0120354943413923,0.0150009256173867,0.0227909215446702,0.0457916496970145,0.086498080886618,0.1325962950621397,0.2452920631394473,0.2062561862095351,0.1073874140718526,0.0537262887679415,0.028631937502314,0.0150962025004011,0.0079741320794303,0.0048507287694225,0.0037419625556913,0.0034457649919162,0.0034714354474434,0.0,0.0,0.0,0.0,0.0,0.0,0.0,0.0,0.0,0.0,0.0,0.0,0.0,0.0,166.77427968454958,561.6663771561797,0.2395305483512447,2.244005944649911,0
0.0027690075628714,0.2361609130544892,0.7028260968817057,0.0582439825009336,0.0,0.3360156631727561,0.3139390355118661,0.0,0.0,0.0,0.0,4.019275351969504e-05,0.0001459426195763,0.0002571555783444,0.0004405594050848,0.0006099152791386,0.0012752419272074,0.0070524624695286,0.0123501015159692,0.0259801276100413,0.06387877241185,0.1134091220380769,0.1502346593430006,0.2333442985408469,0.175990019710058,0.0830752997579459,0.0398727723751693,0.0211788495585235,0.0117452591086339,0.0070653397594912,0.005311686999127,0.0046412874792548,0.0045355376131982,0.0051637932750109,0.0069634921025141,0.0103705108498972,0.0150675999189901,0.0,0.0,0.0,0.0,0.0,0.0,0.0,0.0,0.0,0.0,0.0,168.64138464426097,1022.2664960372608,1.7621174949020633,4.944200519545481,0
0.0045825607555192,0.1997409083042844,0.7699908526786818,0.0256856782615145,0.0,0.2594065217825576,0.2567918046125658,0.0,0.0,0.0,0.0,0.0,0.0,0.0001275680486538,0.0005310390862567,0.0011095453534079,0.0028144082672006,0.0109560186902024,0.0144043116022645,0.0236070112981779,0.0488249400479616,0.0911359984177606,0.134853272021558,0.2520833642364459,0.1992790921901654,0.1001547627877079,0.050229177482756,0.0278859798758931,0.0152339983683156,0.0082850008652871,0.005021632178793,0.0036203614428045,0.0034087369279833,0.0032920467749511,0.0031377784370441,3.955598407871641e-06,0.0,0.0,0.0,0.0,0.0,0.0,0.0,0.0,0.0,0.0,0.0,0.0,166.6778916660486,589.4461287893716,0.5122514404784472,2.8363764169465124,0
0.0036832011158573,0.1428874989102955,0.7958139002702467,0.0576153997036003,0.0,0.1795486599481526,0.171743023455629,0.0,0.0,0.0,0.0,1.0897044721471536e-05,0.000185249760265,0.0002996687298404,0.000474021445384,0.0008281753988318,0.0018851887368145,0.0084506581815011,0.0117824296050911,0.0174189259872722,0.0323260831662453,0.0645595414523581,0.1058402711184726,0.209552894255078,0.2159058713276959,0.1369704036265364,0.075355788510156,0.0389760047075233,0.0201976723912474,0.0101832882922151,0.0057999520530032,0.0041599468224217,0.0036396129369714,0.0035279182285764,0.0037431348618254,0.0045740345218376,0.0060805509545811,0.0093142489756777,0.0079575669078545,0.0,0.0,0.0,0.0,0.0,0.0,0.0,0.0,0.0,175.0863263882835,1047.478975485485,1.662483395994357,5.558643250157145,0
0.0618248064551466,0.4464624697808917,0.4498539128399134,0.0418588109240481,0.0,0.992458806245762,1.03370569433208,0.000169572152951,0.0008958811974495,0.0008013409705829,0.0009454022686653,0.0014751276668222,0.0022824711914919,0.003996200383263,0.0067858873950866,0.0137608552439062,0.0307120679849275,0.0518770736948571,0.0660791166641406,0.0839982412516525,0.1063187386232842,0.1250587124821611,0.132683456810873,0.1247345745614759,0.0884026153128156,0.0532981783748985,0.0322817358786163,0.0191271385974732,0.0115639204481506,0.007657758376189,0.0059890483400686,0.0049866218075791,0.0048065451849762,0.0046894953802843,0.0051381862982699,0.0058704978968551,0.0036135375602318,0.0,0.0,0.0,0.0,0.0,0.0,0.0,0.0,0.0,0.0,0.0,150.7912476758861,1388.3247436878564,0.6613431303849762,2.136507260799445,0
0.0075150913568845,0.323690855463752,0.4354716182952935,0.1563127942494896,0.07700964063458,0.743309319265299,0.4952278657656442,6.912335685140344e-05,0.0002205035083559,0.0003373219814348,0.0002585213546242,0.0003559852877847,0.0004638177244729,0.0006421559851495,0.0008287890486483,0.001160581161535,0.0031782919480275,0.0257159624494276,0.0285755957223701,0.0505181141212797,0.087400263636483,0.1195951583235927,0.1077363552221659,0.132070541768134,0.1001652739462317,0.0505222615226907,0.0270887523164964,0.0168605692031943,0.0118332274593917,0.0100297990791386,0.0101680457928414,0.0101735756613895,0.0117419846283479,0.0141053121990973,0.0170589532373578,0.0187932582607595,0.0208897696740626,0.0222798403803443,0.0203858604026159,0.0156066715099098,0.011231163021216,0.0082374304359817,0.0066116490828367,0.0055291773145437,0.0045206675380817,0.0039227505013171,0.0035653827463953,0.0037057031608037,190.48223149550452,5382.179073388758,1.4016217660251595,1.345533185338733,0
0.0041255910450038,0.1625963086027139,0.7574617673136638,0.0758163330386184,0.0,0.2146591431541389,0.2000793006535666,0.0,0.0,0.0,0.0,7.378292563056264e-05,0.0002276015671993,0.0003864224410143,0.0005952656372906,0.0009366679880896,0.0019058504857792,0.0071044203475801,0.0090978098976668,0.0151967815637728,0.0373716771109107,0.0830695697955212,0.1313736254803706,0.2397469870929902,0.2006132736733767,0.1031235188702958,0.0517706026314242,0.0269870429679244,0.0136873579835001,0.007174451599026,0.0043994632604799,0.0036028577752822,0.0035278242915901,0.0041793650416498,0.0059138890729988,0.0085550676989606,0.013184633642763,0.0194174150214533,0.0067767741354579,0.0,0.0,0.0,0.0,0.0,0.0,0.0,0.0,0.0,174.86997197499383,1341.8663556187853,1.9091522083856405,4.789777540794062,0
0.0101172470654387,0.4875927324058325,0.4818222146206607,0.0204678059080679,0.0,1.011974345797585,0.9908797074400508,0.0,0.0,0.0,0.0,2.843064209476971e-05,0.0004084084300915,0.0007161814127682,0.0011963433681465,0.0022708411273155,0.005497042085022,0.0249363807973125,0.0358262192796758,0.0679736037282951,0.1450323770859855,0.194392033282805,0.1776549594096174,0.1769274959960179,0.0892649956970448,0.0308959849164161,0.0135862366810339,0.0075237407143492,0.0049455778843901,0.0041228943837748,0.0041323712644731,0.0050421518115057,0.0076257300018637,0.0,0.0,0.0,0.0,0.0,0.0,0.0,0.0,0.0,0.0,0.0,0.0,0.0,0.0,0.0,151.7250693730231,600.2220864858834,0.8390973690937137,3.274057128163672,0
0.0034975915078598,0.2193233676266505,0.7637856700470825,0.013393370818407,0.0,0.287152651686276,0.2867044280838332,0.0,0.0,0.0,0.0,0.0,0.0,0.0,0.0,0.0009915456806395,0.0025060458272202,0.007726252014025,0.0099975019585778,0.018300404656029,0.0532366312260514,0.1157877218429208,0.1748235445573547,0.2974553662699039,0.180686104252707,0.069851441576681,0.0309276872038578,0.0153494473125043,0.0083722742082392,0.0050324361840466,0.0038587902875882,0.003720047266012,0.0013767576756408,0.0,0.0,0.0,0.0,0.0,0.0,0.0,0.0,0.0,0.0,0.0,0.0,0.0,0.0,0.0,163.0462307756702,396.3392045671805,0.3215213240400769,2.7167963896020133,0
0.000699686850926,0.1708550056044527,0.8202679296473976,0.0081773778972237,0.0,0.208291451046301,0.2070800375269202,0.0,0.0,0.0,0.0,0.0,0.0,0.0,0.0,2.0003878451833357e-05,0.0006796829724742,0.0037960515654535,0.0073467820745497,0.0147847739791793,0.0411709277265763,0.0920864376285242,0.1429480240320367,0.2644070289308266,0.2228831014866052,0.1116274212829146,0.0522575653377732,0.0251739131020297,0.0118763278871909,0.0054901528172867,0.0026946599015214,0.0007571453966053,0.0,0.0,0.0,0.0,0.0,0.0,0.0,0.0,0.0,0.0,0.0,0.0,0.0,0.0,0.0,0.0,166.96776533503495,357.8390200424642,0.0516586116674952,1.1991283128070085,0
0.0036424550822598,0.3567190890485572,0.6044207160411902,0.0352177398279927,0.0,0.5901824497388634,0.5633822942350153,0.0,0.0,0.0,0.0,0.0001013016528318,0.0001989329559235,0.0003171182175607,0.0005277962926531,0.0007348040180052,0.0017625019452853,0.0119543291041116,0.021403277475504,0.0490887255664817,0.1078238643203833,0.1508366929267956,0.1480369501449054,0.1920378369014026,0.1438065050342517,0.0703202306741404,0.0354152046440201,0.0190916912090719,0.010547117013686,0.0063306192320453,0.0045695854266561,0.0041093235692242,0.004607022994007,0.0055334192684552,0.0066198427915799,0.0042253066210173,0.0,0.0,0.0,0.0,0.0,0.0,0.0,0.0,0.0,0.0,0.0,0.0,161.1176200277772,791.8269560343114,1.2219226146826794,3.698516666753152,0
0.0029145668221334,0.1845850915882501,0.796269493587804,0.0162308480018125,0.0,0.2318120451211923,0.2307684293093599,0.0,0.0,0.0,0.0,0.0,0.0,0.0,0.000232032510388,0.0006732420804621,0.0020092922312832,0.0097677240293762,0.012828366992953,0.0201465829362198,0.0437264520539845,0.0872322993229321,0.134653881526287,0.2476055188957438,0.2118680405773684,0.1157146626162833,0.0564609129560097,0.0271324011290592,0.0128502287284071,0.0063319535597116,0.0035187456928654,0.0024296337811511,0.0022582179008858,0.0023426836969585,0.0002171267816693,0.0,0.0,0.0,0.0,0.0,0.0,0.0,0.0,0.0,0.0,0.0,0.0,0.0,166.98171514258075,486.7822755477793,0.1904796266815548,2.2750290544258283,0
0.0024619931502781,0.2310347980534983,0.6899486929401779,0.0761742035412411,0.0003803123148044,0.3348574547065278,0.304625582644194,7.330207158082919e-07,2.783126781945921e-06,3.716062238429201e-06,2.926986997294393e-05,0.0001148725779505,0.0001991346811966,0.0003001504236906,0.000419707278408,0.0005709721789552,0.0008206539303677,0.0108497963252942,0.0156138390736198,0.0278203587464533,0.0610262050123627,0.1028513949219586,0.1430085001552593,0.2064329607946967,0.1726201380970261,0.0926024443097114,0.0477801130084317,0.025444626846828,0.0139141600285042,0.0081387917259694,0.0054578292163022,0.0044995712260001,0.0044174297869639,0.0049722167117183,0.0064662736463075,0.0095178232066299,0.0143323463869244,0.0151261255043104,0.004200886843741,0.00035769450983,8.648076487787451e-05,0.0,0.0,0.0,0.0,0.0,0.0,0.0,171.8216894965642,1396.135705717312,1.7629084708265004,4.185935452285068,0
0.003022032093854,0.207253175239839,0.7787516140864643,0.0109731785798424,0.0,0.2661348051883751,0.2662635680465149,0.0,0.0,0.0,0.0,0.0,0.0,0.0,0.0,0.000430174544999,0.002591857548855,0.0110816541366836,0.0145834389510003,0.0231641909885515,0.0504049754122071,0.0961783054850609,0.1447816920099365,0.2680781411688223,0.2055365775104449,0.0958599614110321,0.0433152963209266,0.0214077070578446,0.0108483012205923,0.0057178919807114,0.0034358048364442,0.0024718261766802,0.0001122032392068,0.0,0.0,0.0,0.0,0.0,0.0,0.0,0.0,0.0,0.0,0.0,0.0,0.0,0.0,0.0,164.54022653871272,436.900607699277,-0.0756546695939289,1.5242656231856344,0
0.0037259552982711,0.1966879315715695,0.7534712307252999,0.0461148824048595,0.0,0.2610420444854825,0.2506467195116195,0.0,0.0,0.0,0.0,1.541327033902705e-05,0.0002190306837651,0.0003009643839883,0.0005094491459425,0.0007179339078967,0.0019631639063392,0.0110375240122527,0.0153207907169928,0.023694252634858,0.0469853265666372,0.089045707647578,0.1256960308395202,0.2266886454493536,0.201442519858782,0.1085848670889362,0.0558130743471263,0.0292478973054358,0.015511428534344,0.0083791404911479,0.0051309965733866,0.0038703533046051,0.0034355368360936,0.0036472664970666,0.0041591493172732,0.0056607263381963,0.008525972171746,0.0043968381703961,0.0,0.0,0.0,0.0,0.0,0.0,0.0,0.0,0.0,0.0,169.86939443694513,902.5088802872058,1.4379226587016554,5.08303182941934,0
0.0052242188068569,0.2103730143502682,0.7628021065585159,0.0216006602843589,0.0,0.2757894042925351,0.2748549181818396,0.0,0.0,0.0,0.0,0.0,0.0,0.0003026854651432,0.0007062660853341,0.0013157720629585,0.0028994951934209,0.0111249313582141,0.0153881651637147,0.0248425373973681,0.0514929174909194,0.0963201386729475,0.1358023976658484,0.2357704751003989,0.1957630650955692,0.1059787822450991,0.0551309321389111,0.0293629711472936,0.0151880288725545,0.0076820909445771,0.0042069971617035,0.0027043209590663,0.0021824779850079,0.0022461577140135,0.002757249564993,0.0008311445149424,0.0,0.0,0.0,0.0,0.0,0.0,0.0,0.0,0.0,0.0,0.0,0.0,166.26545680694952,588.4037796088231,0.3916270460049016,2.697657440771619,0
0.008221466374512,0.221859774773358,0.732931645706121,0.0369871131460089,0.0,0.3027014502261857,0.2988379483738633,0.0,0.0,0.0,0.0,0.0,0.0003719329881595,0.0006345326549675,0.0009210957894689,0.0017837806264349,0.004510124315481,0.0163645522401099,0.020931589791363,0.0293118141393445,0.0526781920961494,0.0918984008878464,0.1276723634818719,0.2188403778439768,0.1891666154946783,0.1046519580898919,0.0553875616622459,0.0303766907349745,0.0163375933389547,0.0089673293064722,0.0054042612037948,0.0038441396091658,0.0033449006988845,0.0032670194288806,0.0036444440450533,0.0047946904943413,0.0048940390374873,0.0,0.0,0.0,0.0,0.0,0.0,0.0,0.0,0.0,0.0,0.0,167.06264799313448,835.4203703909822,0.8449596380076182,3.691757109656427,0
0.0039676690251572,0.228967352023737,0.7477235335514303,0.0193414453996753,0.0,0.3062188570117154,0.3036701241364037,0.0,0.0,0.0,0.0,0.0,0.0,0.0,0.0004560857932643,0.0008915664942178,0.0026200167376749,0.0141505471444512,0.0180940448113207,0.0272026843680259,0.0570202342006492,0.1006301195729356,0.14423604242747,0.2477920851085412,0.191398721216271,0.0925073544329478,0.0455348764962467,0.0243409540474741,0.0128960140241428,0.0070612066342057,0.0042085901044836,0.003332873681274,0.0030840275664434,0.002541955137959,0.0,0.0,0.0,0.0,0.0,0.0,0.0,0.0,0.0,0.0,0.0,0.0,0.0,0.0,164.4419974576486,549.9335421199213,0.263312484234731,2.0461584666146835,0
0.0049563236298195,0.1908353531063835,0.7825242900683477,0.0216840331954491,0.0,0.2438711636907166,0.2434586009791626,0.0,0.0,0.0,0.0,0.0,0.0,0.0,0.000439696576514,0.001306419710795,0.0032102073425104,0.0121543020579395,0.0153410464027705,0.0224691050978055,0.0451493771747266,0.0852467016891012,0.130498846793664,0.2466810416632449,0.208798624129816,0.1088528236544557,0.0540869022508053,0.0281884454121627,0.0148412845521969,0.0080013514686663,0.0048704490583125,0.0035710682468213,0.0031440416890542,0.0030056100027451,0.0001426550258914,0.0,0.0,0.0,0.0,0.0,0.0,0.0,0.0,0.0,0.0,0.0,0.0,0.0,166.833174801679,552.063990856104,0.2094329944099274,2.206097608575707,0
0.0030752849486233,0.1709232488480438,0.8006167579216653,0.0253847082816675,0.0,0.2134892052503879,0.2106513490164747,0.0,0.0,0.0,0.0,0.0,0.0,3.912143463403599e-05,0.0004635039538162,0.0008189987294038,0.0017536608307691,0.0077349879999251,0.0111836275095124,0.018724709268208,0.0407891984018043,0.0822358069986545,0.1278190820750689,0.2422781942226145,0.2139338643642852,0.1169671362939754,0.0602444579385045,0.0319775204834728,0.0165058435516819,0.0086705005672608,0.0048280953134222,0.0033789013000222,0.0028567151942549,0.0027895283826008,0.0034443871797357,0.0005621580063716,0.0,0.0,0.0,0.0,0.0,0.0,0.0,0.0,0.0,0.0,0.0,0.0,168.8492344955801,554.9799062071849,0.5716674273085979,3.0939006859218137,0
0.0003007419132424,0.1695311766042323,0.8234862637140254,0.0066818177684997,0.0,0.2058698222479198,0.204575094767667,0.0,0.0,0.0,0.0,0.0,0.0,0.0,0.0,0.0,0.0003007419132424,0.00214456024438,0.0050796476697156,0.0130945563782253,0.0410978863711633,0.095891075089839,0.1520616478820883,0.2858932315860086,0.2202011975986567,0.1005692633387816,0.044652274704148,0.0213872032167448,0.0102734461883024,0.0048819019406447,0.0022854475658384,0.0001859183122202,0.0,0.0,0.0,0.0,0.0,0.0,0.0,0.0,0.0,0.0,0.0,0.0,0.0,0.0,0.0,0.0,166.28833998775636,317.3893880546054,0.1550312788426518,1.2240897782039624,0
0.0020396209985072,0.1087011734947752,0.8572770670923868,0.0319821384143307,0.0,0.1267980339954979,0.1245313731656082,0.0,0.0,0.0,0.0,0.0,0.0,0.0,0.0003135884889699,0.000532582103168,0.0011934504063692,0.003483164703931,0.0053167502902637,0.0095968444186432,0.0241126223254271,0.0581667772433239,0.1077059835793664,0.2330636299552164,0.2352665242992204,0.144560405954553,0.0787884599436059,0.0425003109968485,0.0219382360258749,0.0110118800796151,0.0058843195388953,0.0036062676231547,0.0031216308674738,0.0029039330734781,0.0031566180129374,0.0037760200696632,0.0,0.0,0.0,0.0,0.0,0.0,0.0,0.0,0.0,0.0,0.0,0.0,173.66707916943108,532.8933401490858,0.920173667912495,4.078105731309241,0
0.0027444587722926,0.1929384598030129,0.7900466920734067,0.0142703893512876,0.0,0.2442111555274136,0.2432904631817937,0.0,0.0,0.0,0.0,0.0,0.0,0.0,0.0001747358502668,0.0006343574918548,0.0019353654301709,0.0101076947917657,0.0135847170274556,0.0217114823572087,0.0461873301025633,0.0902667707708947,0.1367748185733149,0.2505106046966342,0.2092561340024905,0.1101335733923748,0.0534762480895178,0.0268619874322898,0.0132166658187922,0.006585108524234,0.0034301310961246,0.0021914972208152,0.0018000004423692,0.0011607768888613,0.0,0.0,0.0,0.0,0.0,0.0,0.0,0.0,0.0,0.0,0.0,0.0,0.0,0.0,166.30081373821915,473.9490385560754,0.0734707894502969,1.8269981711101384,0
0.0050096111997678,0.1913716814159292,0.7837425649209343,0.0198761424633686,0.0,0.2441763989924882,0.2443709267097212,0.0,0.0,0.0,0.0,0.0,0.0,0.0,0.0004361308573915,0.0011887059335557,0.0033847744088205,0.0107219280429421,0.013984295662266,0.0214520165385173,0.0450719933265631,0.0891484114318874,0.1360701073552879,0.2508251124329029,0.2051945814594516,0.1046904468301175,0.052631292615697,0.02890613666038,0.0154033077034672,0.0080298853909763,0.0044737414768605,0.003173509357319,0.0024481357899318,0.002491658203975,0.0002738285216886,0.0,0.0,0.0,0.0,0.0,0.0,0.0,0.0,0.0,0.0,0.0,0.0,0.0,166.61575511388364,530.2387406056334,0.2159034945268239,2.2111705092568457,0
0.0021343942519283,0.1769663669816651,0.8091816624018596,0.0117175763645468,0.0,0.2186976750791768,0.2181760374472957,0.0,0.0,0.0,0.0,0.0,0.0,0.0,0.0,0.0005751746886384,0.0015592195632898,0.0080708218290738,0.0115586223371754,0.0186398864351573,0.0409641985914651,0.0869846053483895,0.1353681898995282,0.2632425702774345,0.222111148373937,0.1085067968925865,0.0515727720020397,0.0256880733944954,0.0126088214891144,0.0060411718495173,0.0028510655892095,0.0018017852466773,0.001402103154732,0.0004529730375379,0.0,0.0,0.0,0.0,0.0,0.0,0.0,0.0,0.0,0.0,0.0,0.0,0.0,0.0,166.68584344406517,422.6892370968053,0.0243011080512363,1.8726137409064785,0
0.0771307708865616,0.5072086363253503,0.3595497468437357,0.0561108459443524,0.0,1.4106732937639763,1.4058056297489552,0.0002082338957988,0.0006387399275626,0.0012096283609886,0.0009686385714686,0.0013195945756239,0.0020004492236853,0.0035493350553574,0.0066822023191172,0.0168037734789566,0.043750175478002,0.06831475606218,0.0838129732056789,0.100511459883389,0.1172777980552357,0.12487950510524,0.1180569203844606,0.100600368737775,0.0668337217246445,0.0382542044529297,0.0227957623232351,0.0142979476092877,0.0102853506284452,0.0078052615324142,0.0068810773881386,0.0067921685337526,0.0070659142169937,0.0071922583784896,0.0073958128608997,0.0078309983060523,0.0059849697241953,0.0,0.0,0.0,0.0,0.0,0.0,0.0,0.0,0.0,0.0,0.0,147.39826487351544,1626.5076306099852,1.0193467355354442,2.2472140214084093,0
0.0004959874409831,0.1601973983777936,0.8299582850068926,0.0093483291743305,0.0,0.1930183820721558,0.1914594638528799,0.0,0.0,0.0,0.0,0.0,0.0,0.0,0.0,1.2496534164352854e-06,0.0004947377875667,0.003141534964912,0.0068931194863924,0.0146327385764104,0.0378643735526475,0.0866724619343853,0.1355272873538979,0.2548592694994747,0.2287937173674488,0.1226244127605234,0.0580917011297647,0.0274707717781396,0.0127625072733734,0.0058810564257569,0.0029329209477059,0.0013131670513256,4.297245685766838e-05,0.0,0.0,0.0,0.0,0.0,0.0,0.0,0.0,0.0,0.0,0.0,0.0,0.0,0.0,0.0,168.00965074530112,363.8729832989467,0.0770536543106178,1.1881262430843251,1
0.0015878034179006,0.2220375510633723,0.7666765905907419,0.0096980549279851,0.0,0.2896100705021097,0.2880375701788791,0.0,0.0,0.0,0.0,0.0,0.0,0.0,3.481864288365215e-05,0.0004214521837043,0.0011315325913126,0.009063695905848,0.0151028978860099,0.0259321188932773,0.0561458863019573,0.1032989051479326,0.1448577775722052,0.2516112601878433,0.1984410850603319,0.0997905603653743,0.0482676735582901,0.0239114647675283,0.0115322094070883,0.0055164458712676,0.002833449529864,0.0017843271685765,0.0003224389587041,0.0,0.0,0.0,0.0,0.0,0.0,0.0,0.0,0.0,0.0,0.0,0.0,0.0,0.0,0.0,164.49829960408638,440.6953478925531,-0.0255313914984816,1.1248654917275809,1
0.1811530583060902,0.264968740544227,0.5125696157962336,0.0360354129081524,0.0052731724452968,0.5169409489707505,0.8054496322019413,0.0001505676493143,0.0019075187639932,0.0022829522692434,0.0033012406438033,0.0242429569329561,0.0278495652351878,0.0294269889235665,0.029555235223252,0.0308071440610048,0.0316288886037682,0.0324825497776242,0.0337625197406247,0.0427211209422322,0.0560266745346042,0.0902843513830337,0.1078414263493154,0.1460157463496911,0.1232936850118978,0.0696257683689778,0.0392516005132403,0.0223005936725293,0.0129709072805343,0.0077821211323406,0.0050288841163073,0.0036515698779126,0.0029474907353354,0.0026052783556366,0.0024390277840506,0.002506107788,0.0027794718490385,0.0032461909776409,0.0036389597648106,0.003718070106547,0.0015776845872704,0.0001640474253888,5.916607089921586e-05,4.3425171096043785e-05,3.719258645942869e-05,2.46404508889434e-05,1.632067511820604e-05,1.3044944588264153e-06,147.14614952950365,2461.947751451627,0.1237510998725687,1.3222494085409404,1
0.0004354248817721,0.1664565492549232,0.8257139691729517,0.007394056690353,0.0,0.2015908097459448,0.2003242900456568,0.0,0.0,0.0,0.0,0.0,0.0,0.0,0.0,5.127547408467265e-06,0.0004302973343636,0.002794446673943,0.0062861953529898,0.0144942099184688,0.0406320244934328,0.0907756272083487,0.1414721050838121,0.2702939896250328,0.2267600066212581,0.1118986670859959,0.0509946033702363,0.0239209919496561,0.011138744005429,0.0051018374524473,0.0024969767052743,0.0005041495719022,0.0,0.0,0.0,0.0,0.0,0.0,0.0,0.0,0.0,0.0,0.0,0.0,0.0,0.0,0.0,0.0,167.03045788715036,340.1220472921171,0.0667053178825608,1.1661431961280295,1
0.0008737983793989,0.165166815867748,0.8180200473058861,0.0159393384469669,0.0,0.2019102276301045,0.1990989225432509,0.0,0.0,0.0,0.0,0.0,0.0,0.0,0.0,0.0002397128909565,0.0006340854884424,0.0034041306161077,0.0076110049649193,0.0167312212452235,0.0406372723279633,0.0863351608585245,0.1272209072312319,0.2234186654426474,0.2160820076818665,0.1321022214738099,0.0718382993186163,0.0377453433803895,0.0188189583355004,0.0090430071040889,0.004348935371382,0.0023758897488684,0.00138452778793,2.8648731530950803e-05,0.0,0.0,0.0,0.0,0.0,0.0,0.0,0.0,0.0,0.0,0.0,0.0,0.0,0.0,169.49947014327913,444.0726427836436,0.1712975737389314,1.068257049140216,1
0.0009237379992586,0.1709008643096425,0.8113089399805093,0.0168664577105894,0.0,0.2106480592530989,0.2074734353550002,0.0,0.0,0.0,0.0,0.0,0.0,0.0,0.0,0.0002748221480079,0.0006489158512507,0.0034864445077876,0.0084108805862261,0.018198076674463,0.042371144189858,0.0879211829092006,0.1277577957305214,0.2290617692699417,0.2160966521834803,0.1255171276361043,0.0674028949097343,0.0362631231655915,0.0184923408143961,0.0091341570457678,0.0045347945083101,0.0025671732990154,0.0015571918834408,0.0003035126869018,0.0,0.0,0.0,0.0,0.0,0.0,0.0,0.0,0.0,0.0,0.0,0.0,0.0,0.0,169.04307778471818,452.36310674262114,0.2178528155407199,1.198805274947658,1
0.0008601767857197,0.1778622647346019,0.8133052316054611,0.0079723268742171,0.0,0.2186903995356128,0.2176148879999574,0.0,0.0,0.0,0.0,0.0,0.0,0.0,0.0,7.183800166735916e-05,0.0007883387840523,0.005125628606005,0.0095349614370019,0.0179531281042067,0.0429106065845396,0.0910115557704032,0.1390846581208999,0.2605304302785372,0.22183375032688,0.1136856791703911,0.052731382472884,0.024700980083892,0.0113400684748556,0.0051851319971601,0.0025483100310844,0.0009635517555388,0.0,0.0,0.0,0.0,0.0,0.0,0.0,0.0,0.0,0.0,0.0,0.0,0.0,0.0,0.0,0.0,166.63251207890653,375.59523231480256,-0.0518609527407279,1.1860010380049069,1
0.0003139595794115,0.1578556786859317,0.833910631411431,0.0079197303232257,0.0,0.1892954513882415,0.1878875573599715,0.0,0.0,0.0,0.0,0.0,0.0,0.0,0.0,0.0,0.0003139595794115,0.0026567216210519,0.0054120053072302,0.0123618529311912,0.0370826807355886,0.0888795014454361,0.1436711699061303,0.278505810970385,0.2275248283324068,0.1078930032149049,0.049783390731936,0.0249015287307506,0.0122886680281403,0.0058091773091807,0.002706516592541,0.0002091845637141,0.0,0.0,0.0,0.0,0.0,0.0,0.0,0.0,0.0,0.0,0.0,0.0,0.0,0.0,0.0,0.0,167.31355512089775,331.3771331573909,0.1404306879635498,1.232988555446675,1
0.0007300025291926,0.1690441659703713,0.8172769166607518,0.0129489148396843,0.0,0.2068380443473315,0.2044913053372869,0.0,0.0,0.0,0.0,0.0,0.0,0.0,0.0,0.0001162209520116,0.0006137815771809,0.0038959583011814,0.0085443268371768,0.0176387163276725,0.0419536594213606,0.0864582583094741,0.1299681272343089,0.2435431526716632,0.2201613509580502,0.1220103049186148,0.0623793917418309,0.0324096028418083,0.0162768982354788,0.0078730695385536,0.0038002060100283,0.0020607002572347,0.0002962738663694,0.0,0.0,0.0,0.0,0.0,0.0,0.0,0.0,0.0,0.0,0.0,0.0,0.0,0.0,0.0,168.32887529551846,415.5766025158858,0.1084561939891218,1.092492130389742,1
0.0007804119776282,0.1792109487267904,0.8103632641611686,0.0096453751344128,0.0,0.2211486323527565,0.2194990791316037,0.0,0.0,0.0,0.0,0.0,0.0,0.0,0.0,7.440856712585605e-05,0.0007060034105024,0.0036936774886867,0.008048169999212,0.016862073294853,0.043279693682537,0.0955542088360941,0.1436690052320856,0.2587416896714982,0.2162453985764038,0.1097852862875107,0.0528944493623361,0.0267662870805436,0.0131605763217891,0.0062862892667068,0.0030875714207009,0.0011452115014134,0.0,0.0,0.0,0.0,0.0,0.0,0.0,0.0,0.0,0.0,0.0,0.0,0.0,0.0,0.0,0.0,166.84213072882864,379.5422876820174,0.1004411441839513,1.1336336992642662,1
0.0007386353542951,0.1769557559467172,0.8121399296549415,0.010165679044046,0.0,0.2178879914621485,0.216092622169426,0.0,0.0,0.0,0.0,0.0,0.0,0.0,0.0,0.0001131165848781,0.0006255187694169,0.0048319578269719,0.01026779956154,0.0191476003382051,0.043403079077504,0.0883731043734211,0.1325864718796914,0.2495660043410648,0.2235413231980732,0.1185020312786511,0.0567300017873571,0.0278476928222773,0.0134180802407913,0.0063270260212804,0.0031051716615464,0.0016040959887874,9.924248541689567e-06,0.0,0.0,0.0,0.0,0.0,0.0,0.0,0.0,0.0,0.0,0.0,0.0,0.0,0.0,0.0,167.30186625824635,400.062695052252,-0.0014239203083575,1.125294621614417,1
0.0006308736006962,0.1655461893744798,0.8217299924936802,0.0120929445311438,0.0,0.2014603208187416,0.1992951456492291,0.0,0.0,0.0,0.0,0.0,0.0,0.0,0.0,9.23530500947996e-05,0.0005385205506014,0.0029053848031379,0.0064785748468181,0.0141519433287579,0.0398015599761807,0.0909050459996507,0.1397130402003774,0.2561667216370095,0.2191263945136923,0.1149613390157603,0.0577433972898163,0.029600116562195,0.0147463942373037,0.0071362190963067,0.0035464493329875,0.0019544609409228,0.0004320846183863,0.0,0.0,0.0,0.0,0.0,0.0,0.0,0.0,0.0,0.0,0.0,0.0,0.0,0.0,0.0,167.98847692719752,384.43576619658097,0.2261750525373244,1.2836741229534172,1
0.0009462371139217,0.1918970369791993,0.797036115113076,0.0101206107938028,0.0,0.2407629874952245,0.2389164693634726,0.0,0.0,0.0,0.0,0.0,0.0,0.0,0.0,0.0002124212155227,0.0007338158983989,0.004891698992156,0.0102799658397882,0.0203863630400985,0.047554958236768,0.0970486005339677,0.1398537452537085,0.251255821077031,0.2130304589794752,0.1100930476931181,0.0538036484102972,0.0267976955444517,0.0130763181683474,0.0062477509492895,0.0030960274759406,0.0016241378625898,1.3524829050230776e-05,0.0,0.0,0.0,0.0,0.0,0.0,0.0,0.0,0.0,0.0,0.0,0.0,0.0,0.0,0.0,166.4157852412432,406.00299619154174,0.0471088104346873,1.0914416238641498,1
0.0004819531481822,0.1531323475129977,0.8346074771533379,0.0117782221854821,0.0,0.183478063912432,0.1814942280888633,0.0,0.0,0.0,0.0,0.0,0.0,0.0,0.0,6.742287359032316e-07,0.0004812789194463,0.0029865684244764,0.0067546401926579,0.0144834686699029,0.0364682376982813,0.081899937087235,0.1297184302808839,0.2465214071355987,0.2313001395918359,0.1290483673153847,0.0629591663238735,0.0302171259733545,0.0144368746483325,0.0069197780737588,0.0035233508166463,0.00199817317724,0.0002823814423548,0.0,0.0,0.0,0.0,0.0,0.0,0.0,0.0,0.0,0.0,0.0,0.0,0.0,0.0,0.0,168.90291378302447,380.2821977714647,0.1268430342924767,1.2436492393318217,1
0.0008637546820842,0.1944205490207022,0.7972552266299434,0.0074604696672702,0.0,0.2438620640725895,0.2426746016347847,0.0,0.0,0.0,0.0,0.0,0.0,0.0,0.0,0.0001047418957865,0.0007590127862976,0.0047562102008826,0.0099304536236647,0.0195109889603349,0.0473654501117122,0.100487157266951,0.1484753591497761,0.2684220220723534,0.2134690291637815,0.1002303636509057,0.0454647101723535,0.0221278545047549,0.0107326961903226,0.0050678819675006,0.0025338942656879,0.0005621740169336,0.0,0.0,0.0,0.0,0.0,0.0,0.0,0.0,0.0,0.0,0.0,0.0,0.0,0.0,0.0,0.0,165.40045361992725,368.57246411720223,0.0014412512390856,1.1721815244721698,1
0.001218040008827,0.2019017657968788,0.7881889830650399,0.0086912111292542,0.0,0.2561587563086529,0.2548934612656721,0.0,0.0,0.0,0.0,0.0,0.0,0.0,0.0,0.0003052309472802,0.0009128090615467,0.0055669923459973,0.011135757290891,0.0215980328279495,0.0505919567557831,0.1008397118452651,0.1460846372584043,0.2603962065431175,0.2098380085364659,0.1025511957647903,0.0470973706299782,0.0227046901300026,0.0109611695279455,0.0052860751059676,0.0027313367890545,0.0013958025757661,3.0160637938764856e-06,0.0,0.0,0.0,0.0,0.0,0.0,0.0,0.0,0.0,0.0,0.0,0.0,0.0,0.0,0.0,165.2769119073114,394.2148209855184,0.0030026510622721,1.1988368016573543,1
0.002685237298896,0.3197062891264967,0.6625328346996139,0.0150756388749933,0.0,0.4825508862825824,0.475777773183533,0.0,0.0,0.0,0.0,0.0,9.581462552769903e-07,0.0001188965849405,0.0002624528287668,0.0005516112828594,0.0017513184560739,0.0078142662444656,0.0120182373990475,0.0296704468201957,0.0871617075537931,0.1657286486868577,0.2197197651293923,0.1962916987951836,0.116791119779477,0.0689286093581957,0.0404975859541118,0.023362804327242,0.0132835667845878,0.0075300209914715,0.0043684841462022,0.0026674863787983,0.0014728148765043,7.499475577017648e-06,0.0,0.0,0.0,0.0,0.0,0.0,0.0,0.0,0.0,0.0,0.0,0.0,0.0,0.0,159.87277090695662,500.1413817033843,0.5978013392395368,1.4461153654998649,1
0.0005302327502707,0.1363194838028375,0.8508639550010485,0.0122863284458431,0.0,0.1602128316621873,0.1585466176990611,0.0,0.0,0.0,0.0,0.0,0.0,0.0,0.0,2.4028288350503e-06,0.0005278299214356,0.0022206995217552,0.0047584702017016,0.0107839213737146,0.030571165706336,0.0778424519324316,0.1274845377964464,0.2480445574444289,0.2324656377583181,0.1336512446295497,0.0684775799198764,0.0338268709677848,0.0160222160441687,0.0073848643664471,0.0035078233550668,0.0019130351828332,0.0005146910488695,0.0,0.0,0.0,0.0,0.0,0.0,0.0,0.0,0.0,0.0,0.0,0.0,0.0,0.0,0.0,170.0056150786814,368.01975584303415,0.2064137350424206,1.2733100602236025,1
0.0011929337330038,0.1965721329364688,0.7893226416219361,0.0129122917085912,0.0,0.2490386991735657,0.2465173379213267,0.0,0.0,0.0,0.0,0.0,0.0,0.0,4.803520923293169e-05,0.0003542219907325,0.0007906765330383,0.0045007045529377,0.0095667613231565,0.0206748144026929,0.0502455961057118,0.0995780848085321,0.1417493266850192,0.2406016770288998,0.2040217828302159,0.1118820584081838,0.0575177102774851,0.0296108978161489,0.0149535003829663,0.0073504008761534,0.0036764061136079,0.0021251675340954,0.0007521771211888,0.0,0.0,0.0,0.0,0.0,0.0,0.0,0.0,0.0,0.0,0.0,0.0,0.0,0.0,0.0,166.76007983106513,435.1134864040852,0.1564823049742083,1.119055671576456,1
0.0,0.1322601465915775,0.8601165450749719,0.0076233083334504,0.0,0.153769850817366,0.1524189463617731,0.0,0.0,0.0,0.0,0.0,0.0,0.0,0.0,0.0,0.0,0.002312510462764,0.0048814784476644,0.0105285756456244,0.029696199668514,0.0744818615605396,0.1333576186599909,0.2930060602033301,0.2436654219970855,0.1117983079394328,0.0505857071295031,0.0250436241353444,0.0122321958365333,0.0056267041260242,0.002640663210387,0.0001430709772615,0.0,0.0,0.0,0.0,0.0,0.0,0.0,0.0,0.0,0.0,0.0,0.0,0.0,0.0,0.0,0.0,168.3319791907603,306.3296260482879,0.1410373363241714,1.4707225686519574,1
0.0005698295006827,0.1686777055291443,0.8241438594722731,0.0066086054978998,0.0,0.2046699722633156,0.2037277509711062,0.0,0.0,0.0,0.0,0.0,0.0,0.0,0.0,0.0,0.0005698295006827,0.0037760027898289,0.0074415665939777,0.0151403700808181,0.039826145903547,0.0908127717399044,0.1436848850539198,0.269435112885411,0.2270547775139884,0.1123784914193069,0.0498861740371294,0.0225784692027179,0.0101669253442116,0.0045756018509861,0.0022907111252727,0.0003821649582968,0.0,0.0,0.0,0.0,0.0,0.0,0.0,0.0,0.0,0.0,0.0,0.0,0.0,0.0,0.0,0.0,166.71094818395486,340.23737569983336,-0.0213936251403721,1.2180943471299104,1
0.00115701091994,0.1826105988781203,0.8024219382322612,0.0138104519696784,0.0,0.2275740014117888,0.2251410099170232,0.0,0.0,0.0,0.0,0.0,0.0,0.0,1.0968227704136337e-07,0.0003243304932113,0.0008325707444517,0.0053602277201499,0.01129765842323,0.0206470305593744,0.0440978965873264,0.0901651110383612,0.1313130205229525,0.2356296405714523,0.217893084074509,0.1198472465895872,0.0609312195328341,0.0312265716942454,0.0155835756603291,0.0076623490329711,0.0038778443253666,0.0022954855350601,0.0010123125759532,2.714636356773743e-06,0.0,0.0,0.0,0.0,0.0,0.0,0.0,0.0,0.0,0.0,0.0,0.0,0.0,0.0,167.6842616599047,443.79104642116016,0.0833052526377243,1.1999137961003568,1
0.0010259732581533,0.1907945039693802,0.8003058360946631,0.0078736866778033,0.0,0.2384016921564972,0.2373485524861359,0.0,0.0,0.0,0.0,0.0,0.0,0.0,0.0,0.0002071767526813,0.0008187965054719,0.0053296494919096,0.0106157504408929,0.0204548371327754,0.0476584399422726,0.0950181751587417,0.1437482343635233,0.2679290937432856,0.2129615250851798,0.10542740430365,0.048067156520044,0.0225262638221069,0.0106650145662141,0.005035087252429,0.0025720120777072,0.0009653828411137,0.0,0.0,0.0,0.0,0.0,0.0,0.0,0.0,0.0,0.0,0.0,0.0,0.0,0.0,0.0,0.0,165.64993806589672,379.9651401521425,-0.0418623856800355,1.2010329779817108,1
0.000643519389224,0.1566055616334571,0.8292440065795841,0.0135069123977347,0.0,0.188853186200558,0.1865900005466653,0.0,0.0,0.0,0.0,0.0,0.0,0.0,0.0,2.12933340768209e-05,0.0006222260551472,0.0031698976304704,0.0073100746263939,0.0158119298572855,0.0378046572566797,0.0822339291861802,0.125613731896979,0.2321300399081465,0.2253250218165377,0.1336179748325713,0.069929724974679,0.0349571654246257,0.0168399091016221,0.0079917984144893,0.0038074616281057,0.0020173327177555,0.0007958313382537,0.0,0.0,0.0,0.0,0.0,0.0,0.0,0.0,0.0,0.0,0.0,0.0,0.0,0.0,0.0,169.44896994900978,411.95597699302544,0.1208383318338909,1.0950866640738162,1
0.0,0.1080618112962629,0.8852387300602501,0.0066994586434869,0.0,0.1220706748994513,0.1211537879093641,0.0,0.0,0.0,0.0,0.0,0.0,0.0,0.0,0.0,0.0,0.0010141634525873,0.0031874990709064,0.0072527075538881,0.0234470955203526,0.0639999180995275,0.1250392743618144,0.2888882095014084,0.2608314356451611,0.1264993466193476,0.0544472657723621,0.0259057645310931,0.0120361158644861,0.005273324595413,0.0021778794116516,0.0,0.0,0.0,0.0,0.0,0.0,0.0,0.0,0.0,0.0,0.0,0.0,0.0,0.0,0.0,0.0,0.0,169.6617515818431,277.0194310778946,0.17972763905191,1.39198223787625,1
0.000935332166954,0.1738747839686967,0.8099875787552301,0.0152023051091191,0.0,0.2146632539385963,0.2118420350416611,0.0,0.0,0.0,0.0,0.0,0.0,0.0,0.0,0.0002846663116816,0.0006506658552723,0.0035571822201937,0.0086114385597364,0.0184262084227054,0.0430854559352667,0.0893735290046805,0.1296021147932325,0.2318061710862944,0.2177094229781884,0.1245457589064007,0.0650247560850936,0.0338759048039418,0.0170995529417806,0.0084371761347366,0.0042175705944512,0.0024084391464791,0.0012839862198636,0.0,0.0,0.0,0.0,0.0,0.0,0.0,0.0,0.0,0.0,0.0,0.0,0.0,0.0,0.0,168.5894676048736,438.8288866527185,0.1764440620549464,1.1651021476963193,1
0.0011284053561408,0.2058677583687491,0.7859660579193825,0.0070377783557275,0.0,0.2619292453728579,0.2610276183146489,0.0,0.0,0.0,0.0,0.0,0.0,0.0,0.0,0.0002668691156152,0.0008615362405256,0.0059296358559831,0.0119005832419049,0.0223447666640875,0.0514324057351292,0.1018741486337769,0.1466540789985905,0.2624006506116927,0.2081441864447721,0.1016529972370949,0.0471282045798601,0.0218937356874282,0.0098611632299655,0.0043700694710067,0.0021796603075256,0.0010998072250217,5.500720018992078e-06,0.0,0.0,0.0,0.0,0.0,0.0,0.0,0.0,0.0,0.0,0.0,0.0,0.0,0.0,0.0,164.91767033056718,387.3612169357265,-0.0624021587465388,1.1203326282168615,1
0.000930721946013,0.2058177470820448,0.784094559075826,0.009156971896116,0.0,0.2624906424985136,0.2606338599068029,0.0,0.0,0.0,0.0,0.0,0.0,0.0,2.432918690605297e-07,0.0002237691800554,0.0007067094740886,0.0055305167014319,0.0121186943650464,0.0234300454314335,0.0520479220658052,0.100571369767699,0.1444647833150341,0.2566676406451158,0.2088750417178798,0.1028997560298806,0.0477567104095755,0.0233392678945338,0.0114502588557246,0.0055720187339248,0.002862091481576,0.0014569563248429,2.6204314482226808e-05,0.0,0.0,0.0,0.0,0.0,0.0,0.0,0.0,0.0,0.0,0.0,0.0,0.0,0.0,0.0,165.2660425011788,404.0085198028869,0.0174511749412985,1.1128734335106705,1
0.0008269641728869,0.1954710778406623,0.7965001228107137,0.007201835175737,0.0,0.2454121811540942,0.2442420300471987,0.0,0.0,0.0,0.0,0.0,0.0,0.0,0.0,0.0001260912461597,0.0007008729267271,0.0032838804545905,0.007327548418161,0.0169607306229007,0.0496204423988322,0.1054951186082572,0.1558195659647704,0.2834854406866103,0.2052555425405269,0.0902423708653512,0.0417783228951651,0.0212806383165484,0.0107010697586724,0.005233488722569,0.0026736474236574,1.522815049981139e-05,0.0,0.0,0.0,0.0,0.0,0.0,0.0,0.0,0.0,0.0,0.0,0.0,0.0,0.0,0.0,0.0,165.02125704008333,346.2938577969095,0.121219392991525,1.2192456718438225,1
0.0007601375658569,0.1631633806245045,0.8211844919308039,0.0148919898788346,0.0,0.1986924784080979,0.1960625919927409,0.0,0.0,0.0,0.0,0.0,0.0,0.0,0.0,0.0001180102521032,0.0006421273137536,0.0035192710974315,0.0076967874957387,0.0161952205282937,0.0398297727868956,0.0853630864064352,0.1289466220786647,0.2357523474269677,0.2183643293857225,0.1269356290132541,0.0677097363874958,0.0352555212746463,0.017616428196893,0.0085719111140533,0.0042243084104055,0.0023564164842675,0.0009024743469772,0.0,0.0,0.0,0.0,0.0,0.0,0.0,0.0,0.0,0.0,0.0,0.0,0.0,0.0,0.0,169.11241574862268,426.15429373434864,0.1703880609475134,1.1207307956621513,1
0.0007991678263975,0.1829487083316503,0.8072820645710902,0.0089700592708619,0.0,0.2266227502602833,0.2251113910513208,0.0,0.0,0.0,0.0,0.0,0.0,0.0,0.0,0.0001009267530908,0.0006982410733067,0.0043446764022864,0.0089580152051084,0.0178861090900697,0.0452238932022894,0.0947699064119437,0.1431156676194558,0.263478961965197,0.2145841885966407,0.1076092162282245,0.0515016001926211,0.0255644108348331,0.012381656300342,0.0058107791241089,0.0028204516209917,0.0011512993794893,0.0,0.0,0.0,0.0,0.0,0.0,0.0,0.0,0.0,0.0,0.0,0.0,0.0,0.0,0.0,0.0,166.44868280620437,379.9218068454,0.0551866674200842,1.1673310698725503,1
0.0005966031125288,0.1576117945089032,0.8290015973832027,0.0127900049953652,0.0,0.1901221962469291,0.187942252253582,0.0,0.0,0.0,0.0,0.0,0.0,0.0,0.0,7.130465297392331e-05,0.0005252984595549,0.0031978547098632,0.0071003380390451,0.0146900681101471,0.0374239969215988,0.0844520673299919,0.13484420057118,0.2541002814201275,0.223580300187116,0.1196586289738873,0.0602821420350376,0.0307632666626575,0.0154825114327537,0.007608175198347,0.0037827431142372,0.002092196056261,0.0003446261252195,0.0,0.0,0.0,0.0,0.0,0.0,0.0,0.0,0.0,0.0,0.0,0.0,0.0,0.0,0.0,168.52053387013368,389.8107203604872,0.1849274294816612,1.2850955594449611,1
0.0002990234110457,0.1466833111808361,0.8439652014085056,0.0090524639996124,0.0,0.1738023524354821,0.1723084623494841,0.0,0.0,0.0,0.0,0.0,0.0,0.0,0.0,0.0,0.0002990234110457,0.0026510766091896,0.0059219506536425,0.012961328876114,0.0344213093228287,0.0802955248479982,0.1319078291019837,0.26160437301916,0.2371111460134683,0.1227705078412454,0.0581271695625666,0.0283929680294769,0.0136045876469334,0.0063152810304131,0.002962102231249,0.0006538218026843,0.0,0.0,0.0,0.0,0.0,0.0,0.0,0.0,0.0,0.0,0.0,0.0,0.0,0.0,0.0,0.0,168.5649819798478,347.0348272418411,0.0841593429939871,1.1715505955217305,1
0.000826064390222,0.1811883419437809,0.81034702943568,0.0076385642303169,0.0,0.2235932406350874,0.2225151460224588,0.0,0.0,0.0,0.0,0.0,0.0,0.0,0.0,0.0001060685843976,0.0007199958058244,0.0043708842863294,0.0092813914116796,0.0185177275252443,0.0437008638692111,0.0936497571111809,0.1403963417873233,0.2520781702050397,0.2252921666962771,0.1168366055086888,0.0522427456308394,0.0236267988566274,0.010848353103098,0.0049640834687774,0.0023988585528593,0.0009691875966016,0.0,0.0,0.0,0.0,0.0,0.0,0.0,0.0,0.0,0.0,0.0,0.0,0.0,0.0,0.0,0.0,166.55462751085176,371.76807320268085,-0.0480164748758061,1.1227211377084796,1
0.0011187699893142,0.2190415461736416,0.7743075086942114,0.0055321751428327,0.0,0.2828866578555772,0.2823144787467393,0.0,0.0,0.0,0.0,0.0,0.0,0.0,0.0,0.0002769890916161,0.000841780897698,0.005620893780931,0.0117975647564907,0.0231531006802257,0.054553827770236,0.1107494098753758,0.1545523064323378,0.2705460105181939,0.2042605165610927,0.0917692139012426,0.0399971466114896,0.0178698735165928,0.0079795150483196,0.0035826725323302,0.0017777947945135,0.000671383231313,0.0,0.0,0.0,0.0,0.0,0.0,0.0,0.0,0.0,0.0,0.0,0.0,0.0,0.0,0.0,0.0,163.73530468741416,364.3174598329068,-0.0809339221602718,1.139638663685972,1
0.0008247001018432,0.1841828905497313,0.809174760541514,0.0058176488069113,0.0,0.2276179039600408,0.2270050144325525,0.0,0.0,0.0,0.0,0.0,0.0,0.0,0.0,0.0001027818112019,0.0007219182906413,0.003499704147018,0.007442361546621,0.0160808918632233,0.0445254441496196,0.1000005552200733,0.1537687281018559,0.2757547093237842,0.2179166411089172,0.1010055035528796,0.0438457622431314,0.0198548681167252,0.0090862095495737,0.0041316305174333,0.0020724250214949,0.0001898654358054,0.0,0.0,0.0,0.0,0.0,0.0,0.0,0.0,0.0,0.0,0.0,0.0,0.0,0.0,0.0,0.0,165.5153057319334,332.7594799707303,-0.0003200724373397,1.2248383327784058,1
0.0004778707092426,0.1612771051117,0.8294698589128707,0.0087751652661865,0.0,0.1944337204601432,0.1929683782029967,0.0,0.0,0.0,0.0,0.0,0.0,0.0,0.0,0.0,0.0004778707092426,0.0032440572233307,0.0072049726260256,0.0149360796521553,0.0383807916896888,0.0863847199476241,0.1376523482346535,0.2570161356647578,0.2267135402318371,0.1216415048373394,0.0579278328527802,0.0267051477412126,0.0121656386181503,0.0055893115809173,0.0027462404908696,0.0012138078994145,0.0,0.0,0.0,0.0,0.0,0.0,0.0,0.0,0.0,0.0,0.0,0.0,0.0,0.0,0.0,0.0,167.8042492543563,360.6772008071871,0.0532942462365888,1.1649212200472516,1
0.0008771812615012,0.1740240075724494,0.8136738886783649,0.0114249224876843,0.0,0.2138741283451834,0.2119757954940948,0.0,0.0,0.0,0.0,0.0,0.0,0.0,0.0,0.0001241853924627,0.0007529958690385,0.0040174121442463,0.0083046008189234,0.017258616146613,0.0424977538665297,0.0907610023126756,0.1358405937381914,0.2436089552446214,0.218117545068314,0.1207295270479365,0.0607225681763641,0.0302493916332129,0.0146289697502876,0.0069451355510148,0.003365138191324,0.0018365915853239,0.0002390174629194,0.0,0.0,0.0,0.0,0.0,0.0,0.0,0.0,0.0,0.0,0.0,0.0,0.0,0.0,0.0,167.80247245713906,404.9363535152394,0.0894907082141396,1.1051626338888223,1
0.0003057550944518,0.1274530634553124,0.8612680462181622,0.0109731352320734,0.0,0.1479828678564028,0.146471726851533,0.0,0.0,0.0,0.0,0.0,0.0,0.0,0.0,0.0,0.0003057550944518,0.0020587269419593,0.0043090013307618,0.009675870343049,0.0286187786035883,0.0729381512692694,0.1260828048906398,0.2496431196517504,0.235966631947146,0.1380739082696555,0.0705043432615049,0.0340963359634094,0.0157535743686407,0.0070499636727669,0.0032377348682287,0.0016568059129329,2.8493610244300906e-05,0.0,0.0,0.0,0.0,0.0,0.0,0.0,0.0,0.0,0.0,0.0,0.0,0.0,0.0,0.0,170.35047636694597,351.33787352168304,0.1699076234668573,1.16613791015534,1
0.0012045159941557,0.2105970133879461,0.7768213384481295,0.0113771321697687,0.0,0.2711006145995481,0.2687156453125538,0.0,0.0,0.0,0.0,0.0,0.0,0.0,2.4288726589471826e-06,0.000405387625836,0.0007966994956606,0.0044327218661046,0.0102565732317397,0.0222854919163606,0.0534488352999593,0.1077383824387005,0.1454923693600113,0.2464093360948737,0.2019770321119205,0.1036848280791257,0.0512391464508376,0.0263236243977273,0.0132400774991812,0.0064945421182906,0.0032452957711395,0.0019244572610884,0.000602770108783,0.0,0.0,0.0,0.0,0.0,0.0,0.0,0.0,0.0,0.0,0.0,0.0,0.0,0.0,0.0,165.6598088764,423.8779112693289,0.1566670374146171,1.146646023380117,1
0.0011927020177596,0.2049054331749218,0.7827329037833958,0.0111689610239228,0.0,0.2617817270779992,0.2596011984951102,0.0,0.0,0.0,0.0,0.0,0.0,0.0,3.324897601466119e-07,0.0003825294690486,0.0008098400589507,0.0050215753480332,0.0109118326928326,0.0220487872024761,0.0520729275340142,0.1026849213111359,0.1433166487055115,0.2435715511051548,0.2063519911245533,0.1085445545990797,0.0530439988774445,0.0263702353626764,0.0128505454853254,0.0062178822547712,0.0031608051551032,0.0019462725596708,0.000692768664457,0.0,0.0,0.0,0.0,0.0,0.0,0.0,0.0,0.0,0.0,0.0,0.0,0.0,0.0,0.0,165.9532917859962,424.7230389702616,0.1093403942263265,1.169644317155761,1
0.0009982905735113,0.1143614695768865,0.867955880228024,0.0166843596215781,0.0,0.1317593905665477,0.1304028740170537,0.0,0.0,0.0,0.0,0.0,0.0,0.0,0.0,3.791899913995025e-05,0.0009603715743714,0.0020869149864657,0.0039937810189732,0.0090768051758284,0.0259932308399285,0.0644581000473346,0.116134204883998,0.2536529574974203,0.2394725555608908,0.1360548936291419,0.0714492497838716,0.0387280482748634,0.0198936195295573,0.00961452133263,0.0045923973865147,0.0024453555954687,0.0012671265545933,8.794732900757692e-05,0.0,0.0,0.0,0.0,0.0,0.0,0.0,0.0,0.0,0.0,0.0,0.0,0.0,0.0,171.52796478677337,380.9827727648373,0.3023440017704851,1.6053667687783144,1
0.0010991142106334,0.1817663575160305,0.8046378087806075,0.0124967194927284,0.0,0.2258980744310468,0.2237884235838716,0.0,0.0,0.0,0.0,0.0,0.0,0.0,0.0,0.0003016036894619,0.0007975105211715,0.0048015402882112,0.0101236633499989,0.0199815163928782,0.0445345561491903,0.0912472019670918,0.1297520988546887,0.2341167661854477,0.2193336747457734,0.1237191760007839,0.0623563173634971,0.0307191596297558,0.0147515168473931,0.0069798952896306,0.0034643430384697,0.0020610779443751,0.0009583817421803,0.0,0.0,0.0,0.0,0.0,0.0,0.0,0.0,0.0,0.0,0.0,0.0,0.0,0.0,0.0,167.77080916207638,431.4595124509778,0.0638787439501341,1.164589271636645,1
0.0009675406511248,0.173965340545641,0.81284664973088,0.012220469072354,0.0,0.2140196143806751,0.2120223496824808,0.0,0.0,0.0,0.0,0.0,0.0,0.0,0.0,0.000253465104586,0.0007140755465388,0.0041032428385571,0.0083938303572326,0.0171886605370731,0.042492001807222,0.0907464538984155,0.1342849068791155,0.2435710562546896,0.2150871952926097,0.1208790064668654,0.0620688636396545,0.0315373768598377,0.0154442831413031,0.007343352285073,0.0035600496764898,0.0020608958051024,0.0002712836096335,0.0,0.0,0.0,0.0,0.0,0.0,0.0,0.0,0.0,0.0,0.0,0.0,0.0,0.0,0.0,167.9610858663743,414.06124511480647,0.1012340594696717,1.1095794341294385,1
0.000510676377294,0.1666746876192437,0.8240471910433748,0.0087674449600874,0.0,0.2022632771127223,0.2007471483110371,0.0,0.0,0.0,0.0,0.0,0.0,0.0,0.0,0.0,0.000510676377294,0.0029342819700351,0.0068422260139123,0.0153049291554121,0.0405108949822388,0.0897328979288377,0.140367431408756,0.2657304338922061,0.2245416188740246,0.1119483807382506,0.052844156371706,0.0263118512646758,0.0128305332595731,0.0060369767545181,0.0029818367024325,0.0005708743061264,0.0,0.0,0.0,0.0,0.0,0.0,0.0,0.0,0.0,0.0,0.0,0.0,0.0,0.0,0.0,0.0,167.29377559941395,357.1101874564018,0.0952525793138407,1.136087161586269,1
4.134644749799807e-05,0.1373713303994184,0.855177169309916,0.0074101538431675,0.0,0.1606347487919036,0.1593027324374408,0.0,0.0,0.0,0.0,0.0,0.0,0.0,0.0,0.0,4.134644749799807e-05,0.0030199445252537,0.0054950516789247,0.0113578038438356,0.0312871397184811,0.0760279129431833,0.1311968477816608,0.2768073500578697,0.2446503898904715,0.1193275448596986,0.0540017899094734,0.0261285393157493,0.0124578804827402,0.0055859921021321,0.0024910581778899,0.0001234082651374,0.0,0.0,0.0,0.0,0.0,0.0,0.0,0.0,0.0,0.0,0.0,0.0,0.0,0.0,0.0,0.0,168.4562536088376,320.946015679749,0.0464245381052665,1.3323968584359829,1
0.0004171324291444,0.143559745802234,0.8442751307295032,0.0117479910391183,0.0,0.1700388540869799,0.1681925480486572,0.0,0.0,0.0,0.0,0.0,0.0,0.0,0.0,0.0,0.0004171324291444,0.0025782619965243,0.0052959950351432,0.0117589862926048,0.0336014946547762,0.0798911994678297,0.1322210468268479,0.2515125501759959,0.2244760027655561,0.1284572028812312,0.0670625811719903,0.0337300953894465,0.0161999441865939,0.0075091021644593,0.0035455319381814,0.0016461956079335,9.66770157407674e-05,0.0,0.0,0.0,0.0,0.0,0.0,0.0,0.0,0.0,0.0,0.0,0.0,0.0,0.0,0.0,169.46856931823245,373.2747937326399,0.1772820657747712,1.107113319862929,1
0.0006346541397903,0.1678895023315043,0.8216115620174737,0.0098642815112316,0.0,0.2043414500859758,0.2026805169415119,0.0,0.0,0.0,0.0,0.0,0.0,0.0,0.0,3.826070995392353e-05,0.0005963934298364,0.0030767269943333,0.0068878197214398,0.0153200619109957,0.0409066963992981,0.0902669797893643,0.141046938509626,0.2524460404040478,0.2179024322370225,0.119972453519081,0.0594158992072651,0.0282587329455345,0.0131453834393622,0.006210906565993,0.0031009013657351,0.0014073728511106,0.0,0.0,0.0,0.0,0.0,0.0,0.0,0.0,0.0,0.0,0.0,0.0,0.0,0.0,0.0,0.0,167.71287680801845,375.3502876104451,0.1105628372923074,1.0839468211055283,1
0.0011707233869232,0.2031082257356804,0.7868261338036926,0.0088949170737036,0.0,0.2581357670697137,0.2567214882349399,0.0,0.0,0.0,0.0,0.0,0.0,0.0,0.0,0.0003419948604956,0.0008287285264276,0.0054419531065704,0.01147120001712,0.0222735508284155,0.0506567514822507,0.1012017117278905,0.1425644692739854,0.2480747648581954,0.2084810522215124,0.1097187260625913,0.0527775308969894,0.0249820082094584,0.0115530943857229,0.0053334611463986,0.0025838532009998,0.0015158593393714,0.000199289855604,0.0,0.0,0.0,0.0,0.0,0.0,0.0,0.0,0.0,0.0,0.0,0.0,0.0,0.0,0.0,165.71278874346538,409.3789146340444,-0.0028334418774176,1.074432985024774,1
0.0005329866293122,0.168907845381783,0.8243235913613788,0.0062355766275259,0.0,0.2049045329374807,0.2040078955644774,0.0,0.0,0.0,0.0,0.0,0.0,0.0,0.0,0.0,0.0005329866293122,0.0036804140230627,0.0082227903749322,0.0166386869789371,0.0407833999032582,0.0883709713041766,0.1370882645341895,0.2694270926049668,0.2336758761688024,0.1133657857572049,0.0491726549279544,0.022062354370887,0.0101034378051039,0.0046061249223395,0.0022214322487195,4.772744615241976e-05,0.0,0.0,0.0,0.0,0.0,0.0,0.0,0.0,0.0,0.0,0.0,0.0,0.0,0.0,0.0,0.0,166.7246044442547,340.4322518704966,-0.0844344272877034,1.165949373452245,1
